{"skeleton":{"width":293,"height":320,"fps":24,"hash":" ","name":"B"},"bones":[{"name":"root"}],"slots":[{"name":"shoggothB","bone":"root","attachment":"shoggothB"}],"skins":{"default":{"shoggothB":{"shoggothB":{"name":"shoggothB","width":293,"height":320,"hull":8,"triangles":[8,4,7,7,4,2,4,1,2,6,4,8,3,1,4,5,4,6,0,5,6,5,3,4],"uvs":[0,0,0,1,1,1,0,0.78096,0.29935,0.53206,0,0.33393,0.62904,0,1,0.78331,0.8002,0.2694],"edges":[0,10,2,4,2,6,4,14,6,10,12,16,14,16,12,0],"vertices":[-149.31,104.35,-149.31,-215.65,143.69,-215.65,-149.31,-145.56,-61.6,-65.91,-149.31,-2.51,35,104.35,143.69,-146.31,85.15,18.14],"type":"mesh"}}}},"animations":{"Idle":{"deform":{"default":{"shoggothB":{"shoggothB":[{"time":0,"offset":17,"vertices":[0]},{"time":1.25,"vertices":[-0.15,-61.1,-6.2,-0.75,0,0,1.5,-2.5,11.5,-10.5,11.45,-41.9,-21.75,-7.45,10.45,-2.9,-15.7,-0.55]},{"time":2.4583,"offset":1,"vertices":[-2.04,-0.21,-0.03,0,0,0.05,-0.08,0.38,-0.35,0.38,-1.4,-0.73,-0.25,0.35,-0.1,-0.52,-0.02]}]}}}}}}