{"skeleton":{"width":240,"height":204,"fps":24,"hash":" ","name":"C"},"bones":[{"name":"root"}],"slots":[{"name":"shoggothC","bone":"root","attachment":"shoggothC"}],"skins":{"default":{"shoggothC":{"shoggothC":{"name":"shoggothC","width":240,"height":204,"hull":6,"triangles":[6,5,4,4,5,2,5,1,2,0,5,6,0,3,5,3,1,5],"uvs":[0,0,0,1,1,1,0,0.63152,1,0.61765,0.45417,0.61765,0.60019,0],"edges":[0,6,2,4,2,6,4,8,8,12,12,0],"vertices":[-104.1,164.95,-103.76,-39.05,136.24,-38.65,-103.88,36.12,136.11,40.28,5.11,39.13,39.95,165.19],"type":"mesh"}}}},"animations":{"Idle":{"deform":{"default":{"shoggothC":{"shoggothC":[{"time":0,"offset":12,"vertices":[-1,-2]},{"time":1.25,"offset":1,"vertices":[-24,-1.01,3,2,1,5,0.01,4.01,-5.99,-8.49,-4.01,-7.16,-24.71]},{"time":2.4583,"offset":1,"vertices":[-0.8,-0.03,0.1,0.07,0.03,0.17,0,0.13,-0.2,-0.28,-0.13,-1.21,-2.76]}]}}}}}}