{"skeleton":{"width":300,"height":510,"fps":24,"hash":" ","name":"B"},"bones":[{"name":"root"}],"slots":[{"name":"shoggothB","bone":"root","attachment":"shoggothB"}],"skins":{"default":{"shoggothB":{"shoggothB":{"name":"shoggothB","width":300,"height":510,"hull":8,"path":"shoggothB_2","triangles":[4,3,7,8,4,7,7,3,2,3,1,2,6,4,8,5,4,6,0,5,6,5,3,4],"uvs":[0,0,0,1,1,1,0.003,0.75001,0.30403,0.52012,0,0.33305,0.63936,0,1,0.75335,0.94786,0.23452],"edges":[0,10,2,4,2,6,4,14,6,10,12,16,14,16,12,0],"vertices":[-172.41,411.52,-172.41,-98.48,127.59,-98.47,-171.51,29.01,-81.2,146.26,-172.41,241.66,19.4,411.52,127.58,27.31,111.95,291.91],"type":"mesh"}}}},"animations":{"Idle":{"deform":{"default":{"shoggothB":{"shoggothB":[{"time":0,"offset":17,"vertices":[0]},{"time":1.25,"vertices":[-0.15,-61.1,-6.2,-0.75,0,0,1.5,-2.5,11.5,-10.5,11.45,-41.9,-21.75,-7.45,10.45,-2.9,-15.7,-0.55]},{"time":2.4583,"offset":1,"vertices":[-2.04,-0.21,-0.03,0,0,0.05,-0.08,0.38,-0.35,0.38,-1.4,-0.73,-0.25,0.35,-0.1,-0.52,-0.02]}]}}}}}}